,Id,Pred
0,2016_1112_1114,0.68
1,2016_1112_1122,0.84
2,2016_1112_1124,0.43
3,2016_1112_1138,0.74
4,2016_1112_1139,0.48
5,2016_1112_1143,0.43
6,2016_1112_1151,0.65
7,2016_1112_1153,0.64
8,2016_1112_1160,0.5
9,2016_1112_1163,0.52
10,2016_1112_1167,0.81
11,2016_1112_1173,0.54
12,2016_1112_1181,0.32
13,2016_1112_1192,0.9
14,2016_1112_1195,0.9
15,2016_1112_1201,0.64
16,2016_1112_1211,0.67
17,2016_1112_1214,0.9
18,2016_1112_1218,0.68
19,2016_1112_1221,0.82
20,2016_1112_1231,0.41
21,2016_1112_1233,0.81
22,2016_1112_1234,0.52
23,2016_1112_1235,0.38
24,2016_1112_1242,0.22
25,2016_1112_1246,0.35
26,2016_1112_1268,0.47
27,2016_1112_1274,0.26
28,2016_1112_1276,0.63
29,2016_1112_1277,0.25
30,2016_1112_1292,0.82
31,2016_1112_1314,0.18
32,2016_1112_1320,0.72
33,2016_1112_1323,0.45
34,2016_1112_1328,0.28
35,2016_1112_1332,0.24
36,2016_1112_1333,0.58
37,2016_1112_1338,0.59
38,2016_1112_1344,0.61
39,2016_1112_1345,0.45
40,2016_1112_1355,0.71
41,2016_1112_1371,0.46
42,2016_1112_1372,0.79
43,2016_1112_1380,0.88
44,2016_1112_1386,0.55
45,2016_1112_1392,0.72
46,2016_1112_1393,0.66
47,2016_1112_1396,0.65
48,2016_1112_1400,0.55
49,2016_1112_1401,0.26
50,2016_1112_1403,0.56
51,2016_1112_1409,0.67
52,2016_1112_1421,0.83
53,2016_1112_1423,0.6
54,2016_1112_1425,0.59
55,2016_1112_1428,0.37
56,2016_1112_1433,0.7
57,2016_1112_1435,0.72
58,2016_1112_1437,0.28
59,2016_1112_1438,0.27
60,2016_1112_1451,0.77
61,2016_1112_1452,0.32
62,2016_1112_1453,0.72
63,2016_1112_1455,0.56
64,2016_1112_1458,0.46
65,2016_1112_1462,0.28
66,2016_1112_1463,0.68
67,2016_1114_1122,0.63
68,2016_1114_1124,0.38
69,2016_1114_1138,0.71
70,2016_1114_1139,0.45
71,2016_1114_1143,0.37
72,2016_1114_1151,0.43
73,2016_1114_1153,0.52
74,2016_1114_1160,0.42
75,2016_1114_1163,0.38
76,2016_1114_1167,0.64
77,2016_1114_1173,0.36
78,2016_1114_1181,0.3
79,2016_1114_1192,0.65
80,2016_1114_1195,0.69
81,2016_1114_1201,0.57
82,2016_1114_1211,0.4
83,2016_1114_1214,0.68
84,2016_1114_1218,0.61
85,2016_1114_1221,0.52
86,2016_1114_1231,0.36
87,2016_1114_1233,0.72
88,2016_1114_1234,0.55
89,2016_1114_1235,0.33
90,2016_1114_1242,0.03
91,2016_1114_1246,0.43
92,2016_1114_1268,0.42
93,2016_1114_1274,0.38
94,2016_1114_1276,0.54
95,2016_1114_1277,0.2
96,2016_1114_1292,0.69
97,2016_1114_1314,0.08
98,2016_1114_1320,0.45
99,2016_1114_1323,0.6
100,2016_1114_1328,0.18
101,2016_1114_1332,0.11
102,2016_1114_1333,0.49
103,2016_1114_1338,0.48
104,2016_1114_1344,0.55
105,2016_1114_1345,0.36
106,2016_1114_1355,0.6
107,2016_1114_1371,0.41
108,2016_1114_1372,0.62
109,2016_1114_1380,0.65
110,2016_1114_1386,0.54
111,2016_1114_1392,0.66
112,2016_1114_1393,0.51
113,2016_1114_1396,0.57
114,2016_1114_1400,0.47
115,2016_1114_1401,0.23
116,2016_1114_1403,0.54
117,2016_1114_1409,0.53
118,2016_1114_1421,0.72
119,2016_1114_1423,0.62
120,2016_1114_1425,0.64
121,2016_1114_1428,0.24
122,2016_1114_1433,0.57
123,2016_1114_1435,0.52
124,2016_1114_1437,0.3
125,2016_1114_1438,0.12
126,2016_1114_1451,0.66
127,2016_1114_1452,0.3
128,2016_1114_1453,0.74
129,2016_1114_1455,0.4
130,2016_1114_1458,0.44
131,2016_1114_1462,0.32
132,2016_1114_1463,0.55
133,2016_1122_1124,0.2
134,2016_1122_1138,0.54
135,2016_1122_1139,0.3
136,2016_1122_1143,0.08
137,2016_1122_1151,0.26
138,2016_1122_1153,0.23
139,2016_1122_1160,0.17
140,2016_1122_1163,0.16
141,2016_1122_1167,0.38
142,2016_1122_1173,0.2
143,2016_1122_1181,0.06
144,2016_1122_1192,0.59
145,2016_1122_1195,0.55
146,2016_1122_1201,0.33
147,2016_1122_1211,0.29
148,2016_1122_1214,0.42
149,2016_1122_1218,0.58
150,2016_1122_1221,0.28
151,2016_1122_1231,0.23
152,2016_1122_1233,0.58
153,2016_1122_1234,0.26
154,2016_1122_1235,0.03
155,2016_1122_1242,0.0
156,2016_1122_1246,0.08
157,2016_1122_1268,0.15
158,2016_1122_1274,0.04
159,2016_1122_1276,0.19
160,2016_1122_1277,0.01
161,2016_1122_1292,0.27
162,2016_1122_1314,0.01
163,2016_1122_1320,0.07
164,2016_1122_1323,0.23
165,2016_1122_1328,0.08
166,2016_1122_1332,0.0
167,2016_1122_1333,0.14
168,2016_1122_1338,0.21
169,2016_1122_1344,0.08
170,2016_1122_1345,0.12
171,2016_1122_1355,0.23
172,2016_1122_1371,0.11
173,2016_1122_1372,0.32
174,2016_1122_1380,0.13
175,2016_1122_1386,0.19
176,2016_1122_1392,0.34
177,2016_1122_1393,0.15
178,2016_1122_1396,0.14
179,2016_1122_1400,0.07
180,2016_1122_1401,0.04
181,2016_1122_1403,0.14
182,2016_1122_1409,0.13
183,2016_1122_1421,0.35
184,2016_1122_1423,0.28
185,2016_1122_1425,0.21
186,2016_1122_1428,0.03
187,2016_1122_1433,0.19
188,2016_1122_1435,0.13
189,2016_1122_1437,0.01
190,2016_1122_1438,0.01
191,2016_1122_1451,0.33
192,2016_1122_1452,0.07
193,2016_1122_1453,0.44
194,2016_1122_1455,0.07
195,2016_1122_1458,0.12
196,2016_1122_1462,0.02
197,2016_1122_1463,0.22
198,2016_1124_1138,0.66
199,2016_1124_1139,0.55
200,2016_1124_1143,0.4
201,2016_1124_1151,0.67
202,2016_1124_1153,0.57
203,2016_1124_1160,0.5
204,2016_1124_1163,0.56
205,2016_1124_1167,0.84
206,2016_1124_1173,0.45
207,2016_1124_1181,0.38
208,2016_1124_1192,0.87
209,2016_1124_1195,0.9
210,2016_1124_1201,0.62
211,2016_1124_1211,0.64
212,2016_1124_1214,0.92
213,2016_1124_1218,0.73
214,2016_1124_1221,0.84
215,2016_1124_1231,0.39
216,2016_1124_1233,0.8
217,2016_1124_1234,0.42
218,2016_1124_1235,0.37
219,2016_1124_1242,0.15
220,2016_1124_1246,0.34
221,2016_1124_1268,0.47
222,2016_1124_1274,0.51
223,2016_1124_1276,0.69
224,2016_1124_1277,0.32
225,2016_1124_1292,0.86
226,2016_1124_1314,0.14
227,2016_1124_1320,0.77
228,2016_1124_1323,0.29
229,2016_1124_1328,0.28
230,2016_1124_1332,0.27
231,2016_1124_1333,0.48
232,2016_1124_1338,0.58
233,2016_1124_1344,0.57
234,2016_1124_1345,0.37
235,2016_1124_1355,0.79
236,2016_1124_1371,0.42
237,2016_1124_1372,0.77
238,2016_1124_1380,0.92
239,2016_1124_1386,0.58
240,2016_1124_1392,0.71
241,2016_1124_1393,0.65
242,2016_1124_1396,0.64
243,2016_1124_1400,0.35
244,2016_1124_1401,0.35
245,2016_1124_1403,0.49
246,2016_1124_1409,0.68
247,2016_1124_1421,0.84
248,2016_1124_1423,0.7
249,2016_1124_1425,0.5
250,2016_1124_1428,0.37
251,2016_1124_1433,0.59
252,2016_1124_1435,0.71
253,2016_1124_1437,0.33
254,2016_1124_1438,0.35
255,2016_1124_1451,0.86
256,2016_1124_1452,0.38
257,2016_1124_1453,0.66
258,2016_1124_1455,0.68
259,2016_1124_1458,0.36
260,2016_1124_1462,0.35
261,2016_1124_1463,0.71
262,2016_1138_1139,0.3
263,2016_1138_1143,0.23
264,2016_1138_1151,0.32
265,2016_1138_1153,0.28
266,2016_1138_1160,0.26
267,2016_1138_1163,0.24
268,2016_1138_1167,0.46
269,2016_1138_1173,0.3
270,2016_1138_1181,0.13
271,2016_1138_1192,0.54
272,2016_1138_1195,0.51
273,2016_1138_1201,0.38
274,2016_1138_1211,0.29
275,2016_1138_1214,0.46
276,2016_1138_1218,0.57
277,2016_1138_1221,0.3
278,2016_1138_1231,0.24
279,2016_1138_1233,0.6
280,2016_1138_1234,0.34
281,2016_1138_1235,0.11
282,2016_1138_1242,0.01
283,2016_1138_1246,0.21
284,2016_1138_1268,0.29
285,2016_1138_1274,0.09
286,2016_1138_1276,0.17
287,2016_1138_1277,0.07
288,2016_1138_1292,0.35
289,2016_1138_1314,0.01
290,2016_1138_1320,0.11
291,2016_1138_1323,0.32
292,2016_1138_1328,0.11
293,2016_1138_1332,0.05
294,2016_1138_1333,0.18
295,2016_1138_1338,0.25
296,2016_1138_1344,0.14
297,2016_1138_1345,0.14
298,2016_1138_1355,0.32
299,2016_1138_1371,0.15
300,2016_1138_1372,0.41
301,2016_1138_1380,0.16
302,2016_1138_1386,0.2
303,2016_1138_1392,0.34
304,2016_1138_1393,0.13
305,2016_1138_1396,0.13
306,2016_1138_1400,0.06
307,2016_1138_1401,0.06
308,2016_1138_1403,0.1
309,2016_1138_1409,0.1
310,2016_1138_1421,0.34
311,2016_1138_1423,0.26
312,2016_1138_1425,0.23
313,2016_1138_1428,0.07
314,2016_1138_1433,0.13
315,2016_1138_1435,0.1
316,2016_1138_1437,0.06
317,2016_1138_1438,0.02
318,2016_1138_1451,0.39
319,2016_1138_1452,0.13
320,2016_1138_1453,0.49
321,2016_1138_1455,0.1
322,2016_1138_1458,0.18
323,2016_1138_1462,0.03
324,2016_1138_1463,0.24
325,2016_1139_1143,0.33
326,2016_1139_1151,0.62
327,2016_1139_1153,0.53
328,2016_1139_1160,0.42
329,2016_1139_1163,0.47
330,2016_1139_1167,0.73
331,2016_1139_1173,0.52
332,2016_1139_1181,0.46
333,2016_1139_1192,0.77
334,2016_1139_1195,0.75
335,2016_1139_1201,0.76
336,2016_1139_1211,0.43
337,2016_1139_1214,0.81
338,2016_1139_1218,0.65
339,2016_1139_1221,0.74
340,2016_1139_1231,0.6
341,2016_1139_1233,0.73
342,2016_1139_1234,0.46
343,2016_1139_1235,0.44
344,2016_1139_1242,0.11
345,2016_1139_1246,0.31
346,2016_1139_1268,0.47
347,2016_1139_1274,0.46
348,2016_1139_1276,0.47
349,2016_1139_1277,0.28
350,2016_1139_1292,0.77
351,2016_1139_1314,0.14
352,2016_1139_1320,0.6
353,2016_1139_1323,0.38
354,2016_1139_1328,0.3
355,2016_1139_1332,0.17
356,2016_1139_1333,0.46
357,2016_1139_1338,0.42
358,2016_1139_1344,0.53
359,2016_1139_1345,0.53
360,2016_1139_1355,0.71
361,2016_1139_1371,0.34
362,2016_1139_1372,0.72
363,2016_1139_1380,0.8
364,2016_1139_1386,0.39
365,2016_1139_1392,0.6
366,2016_1139_1393,0.46
367,2016_1139_1396,0.45
368,2016_1139_1400,0.59
369,2016_1139_1401,0.38
370,2016_1139_1403,0.4
371,2016_1139_1409,0.55
372,2016_1139_1421,0.82
373,2016_1139_1423,0.68
374,2016_1139_1425,0.54
375,2016_1139_1428,0.44
376,2016_1139_1433,0.43
377,2016_1139_1435,0.49
378,2016_1139_1437,0.37
379,2016_1139_1438,0.21
380,2016_1139_1451,0.8
381,2016_1139_1452,0.38
382,2016_1139_1453,0.84
383,2016_1139_1455,0.49
384,2016_1139_1458,0.33
385,2016_1139_1462,0.27
386,2016_1139_1463,0.55
387,2016_1143_1151,0.64
388,2016_1143_1153,0.54
389,2016_1143_1160,0.52
390,2016_1143_1163,0.59
391,2016_1143_1167,0.81
392,2016_1143_1173,0.46
393,2016_1143_1181,0.38
394,2016_1143_1192,0.76
395,2016_1143_1195,0.79
396,2016_1143_1201,0.5
397,2016_1143_1211,0.72
398,2016_1143_1214,0.85
399,2016_1143_1218,0.64
400,2016_1143_1221,0.75
401,2016_1143_1231,0.38
402,2016_1143_1233,0.62
403,2016_1143_1234,0.58
404,2016_1143_1235,0.45
405,2016_1143_1242,0.23
406,2016_1143_1246,0.52
407,2016_1143_1268,0.44
408,2016_1143_1274,0.48
409,2016_1143_1276,0.6
410,2016_1143_1277,0.4
411,2016_1143_1292,0.85
412,2016_1143_1314,0.34
413,2016_1143_1320,0.59
414,2016_1143_1323,0.44
415,2016_1143_1328,0.43
416,2016_1143_1332,0.43
417,2016_1143_1333,0.62
418,2016_1143_1338,0.63
419,2016_1143_1344,0.45
420,2016_1143_1345,0.36
421,2016_1143_1355,0.63
422,2016_1143_1371,0.56
423,2016_1143_1372,0.66
424,2016_1143_1380,0.9
425,2016_1143_1386,0.66
426,2016_1143_1392,0.62
427,2016_1143_1393,0.55
428,2016_1143_1396,0.55
429,2016_1143_1400,0.37
430,2016_1143_1401,0.49
431,2016_1143_1403,0.59
432,2016_1143_1409,0.59
433,2016_1143_1421,0.81
434,2016_1143_1423,0.63
435,2016_1143_1425,0.52
436,2016_1143_1428,0.37
437,2016_1143_1433,0.65
438,2016_1143_1435,0.51
439,2016_1143_1437,0.41
440,2016_1143_1438,0.53
441,2016_1143_1451,0.83
442,2016_1143_1452,0.41
443,2016_1143_1453,0.56
444,2016_1143_1455,0.6
445,2016_1143_1458,0.49
446,2016_1143_1462,0.49
447,2016_1143_1463,0.63
448,2016_1151_1153,0.59
449,2016_1151_1160,0.55
450,2016_1151_1163,0.5
451,2016_1151_1167,0.86
452,2016_1151_1173,0.57
453,2016_1151_1181,0.3
454,2016_1151_1192,0.84
455,2016_1151_1195,0.84
456,2016_1151_1201,0.82
457,2016_1151_1211,0.55
458,2016_1151_1214,0.87
459,2016_1151_1218,0.78
460,2016_1151_1221,0.75
461,2016_1151_1231,0.48
462,2016_1151_1233,0.86
463,2016_1151_1234,0.59
464,2016_1151_1235,0.34
465,2016_1151_1242,0.02
466,2016_1151_1246,0.43
467,2016_1151_1268,0.56
468,2016_1151_1274,0.44
469,2016_1151_1276,0.66
470,2016_1151_1277,0.28
471,2016_1151_1292,0.86
472,2016_1151_1314,0.09
473,2016_1151_1320,0.59
474,2016_1151_1323,0.65
475,2016_1151_1328,0.3
476,2016_1151_1332,0.14
477,2016_1151_1333,0.58
478,2016_1151_1338,0.63
479,2016_1151_1344,0.61
480,2016_1151_1345,0.46
481,2016_1151_1355,0.69
482,2016_1151_1371,0.54
483,2016_1151_1372,0.81
484,2016_1151_1380,0.84
485,2016_1151_1386,0.61
486,2016_1151_1392,0.78
487,2016_1151_1393,0.59
488,2016_1151_1396,0.64
489,2016_1151_1400,0.56
490,2016_1151_1401,0.31
491,2016_1151_1403,0.6
492,2016_1151_1409,0.65
493,2016_1151_1421,0.82
494,2016_1151_1423,0.8
495,2016_1151_1425,0.65
496,2016_1151_1428,0.31
497,2016_1151_1433,0.64
498,2016_1151_1435,0.57
499,2016_1151_1437,0.37
500,2016_1151_1438,0.18
501,2016_1151_1451,0.82
502,2016_1151_1452,0.29
503,2016_1151_1453,0.88
504,2016_1151_1455,0.55
505,2016_1151_1458,0.47
506,2016_1151_1462,0.4
507,2016_1151_1463,0.71
508,2016_1153_1160,0.41
509,2016_1153_1163,0.44
510,2016_1153_1167,0.72
511,2016_1153_1173,0.36
512,2016_1153_1181,0.4
513,2016_1153_1192,0.73
514,2016_1153_1195,0.72
515,2016_1153_1201,0.66
516,2016_1153_1211,0.34
517,2016_1153_1214,0.76
518,2016_1153_1218,0.67
519,2016_1153_1221,0.72
520,2016_1153_1231,0.47
521,2016_1153_1233,0.76
522,2016_1153_1234,0.41
523,2016_1153_1235,0.47
524,2016_1153_1242,0.11
525,2016_1153_1246,0.42
526,2016_1153_1268,0.4
527,2016_1153_1274,0.32
528,2016_1153_1276,0.39
529,2016_1153_1277,0.25
530,2016_1153_1292,0.72
531,2016_1153_1314,0.17
532,2016_1153_1320,0.48
533,2016_1153_1323,0.42
534,2016_1153_1328,0.2
535,2016_1153_1332,0.15
536,2016_1153_1333,0.52
537,2016_1153_1338,0.36
538,2016_1153_1344,0.67
539,2016_1153_1345,0.41
540,2016_1153_1355,0.64
541,2016_1153_1371,0.29
542,2016_1153_1372,0.7
543,2016_1153_1380,0.73
544,2016_1153_1386,0.39
545,2016_1153_1392,0.63
546,2016_1153_1393,0.43
547,2016_1153_1396,0.4
548,2016_1153_1400,0.49
549,2016_1153_1401,0.24
550,2016_1153_1403,0.4
551,2016_1153_1409,0.48
552,2016_1153_1421,0.8
553,2016_1153_1423,0.66
554,2016_1153_1425,0.51
555,2016_1153_1428,0.37
556,2016_1153_1433,0.39
557,2016_1153_1435,0.52
558,2016_1153_1437,0.37
559,2016_1153_1438,0.21
560,2016_1153_1451,0.74
561,2016_1153_1452,0.3
562,2016_1153_1453,0.73
563,2016_1153_1455,0.45
564,2016_1153_1458,0.41
565,2016_1153_1462,0.25
566,2016_1153_1463,0.55
567,2016_1160_1163,0.44
568,2016_1160_1167,0.75
569,2016_1160_1173,0.51
570,2016_1160_1181,0.38
571,2016_1160_1192,0.8
572,2016_1160_1195,0.78
573,2016_1160_1201,0.75
574,2016_1160_1211,0.44
575,2016_1160_1214,0.85
576,2016_1160_1218,0.73
577,2016_1160_1221,0.75
578,2016_1160_1231,0.51
579,2016_1160_1233,0.8
580,2016_1160_1234,0.37
581,2016_1160_1235,0.46
582,2016_1160_1242,0.18
583,2016_1160_1246,0.36
584,2016_1160_1268,0.47
585,2016_1160_1274,0.5
586,2016_1160_1276,0.54
587,2016_1160_1277,0.36
588,2016_1160_1292,0.86
589,2016_1160_1314,0.21
590,2016_1160_1320,0.6
591,2016_1160_1323,0.39
592,2016_1160_1328,0.22
593,2016_1160_1332,0.35
594,2016_1160_1333,0.5
595,2016_1160_1338,0.43
596,2016_1160_1344,0.63
597,2016_1160_1345,0.59
598,2016_1160_1355,0.76
599,2016_1160_1371,0.39
600,2016_1160_1372,0.8
601,2016_1160_1380,0.81
602,2016_1160_1386,0.41
603,2016_1160_1392,0.67
604,2016_1160_1393,0.53
605,2016_1160_1396,0.52
606,2016_1160_1400,0.52
607,2016_1160_1401,0.43
608,2016_1160_1403,0.47
609,2016_1160_1409,0.57
610,2016_1160_1421,0.86
611,2016_1160_1423,0.67
612,2016_1160_1425,0.5
613,2016_1160_1428,0.49
614,2016_1160_1433,0.5
615,2016_1160_1435,0.58
616,2016_1160_1437,0.51
617,2016_1160_1438,0.62
618,2016_1160_1451,0.83
619,2016_1160_1452,0.45
620,2016_1160_1453,0.8
621,2016_1160_1455,0.59
622,2016_1160_1458,0.42
623,2016_1160_1462,0.37
624,2016_1160_1463,0.63
625,2016_1163_1167,0.71
626,2016_1163_1173,0.39
627,2016_1163_1181,0.31
628,2016_1163_1192,0.79
629,2016_1163_1195,0.77
630,2016_1163_1201,0.65
631,2016_1163_1211,0.31
632,2016_1163_1214,0.79
633,2016_1163_1218,0.64
634,2016_1163_1221,0.77
635,2016_1163_1231,0.46
636,2016_1163_1233,0.72
637,2016_1163_1234,0.28
638,2016_1163_1235,0.36
639,2016_1163_1242,0.11
640,2016_1163_1246,0.3
641,2016_1163_1268,0.35
642,2016_1163_1274,0.49
643,2016_1163_1276,0.36
644,2016_1163_1277,0.39
645,2016_1163_1292,0.7
646,2016_1163_1314,0.08
647,2016_1163_1320,0.44
648,2016_1163_1323,0.31
649,2016_1163_1328,0.24
650,2016_1163_1332,0.29
651,2016_1163_1333,0.4
652,2016_1163_1338,0.28
653,2016_1163_1344,0.41
654,2016_1163_1345,0.43
655,2016_1163_1355,0.58
656,2016_1163_1371,0.26
657,2016_1163_1372,0.7
658,2016_1163_1380,0.74
659,2016_1163_1386,0.24
660,2016_1163_1392,0.63
661,2016_1163_1393,0.41
662,2016_1163_1396,0.4
663,2016_1163_1400,0.47
664,2016_1163_1401,0.45
665,2016_1163_1403,0.28
666,2016_1163_1409,0.41
667,2016_1163_1421,0.75
668,2016_1163_1423,0.61
669,2016_1163_1425,0.4
670,2016_1163_1428,0.49
671,2016_1163_1433,0.36
672,2016_1163_1435,0.39
673,2016_1163_1437,0.55
674,2016_1163_1438,0.35
675,2016_1163_1451,0.71
676,2016_1163_1452,0.37
677,2016_1163_1453,0.72
678,2016_1163_1455,0.29
679,2016_1163_1458,0.31
680,2016_1163_1462,0.4
681,2016_1163_1463,0.43
682,2016_1167_1173,0.25
683,2016_1167_1181,0.14
684,2016_1167_1192,0.68
685,2016_1167_1195,0.66
686,2016_1167_1201,0.43
687,2016_1167_1211,0.36
688,2016_1167_1214,0.6
689,2016_1167_1218,0.65
690,2016_1167_1221,0.39
691,2016_1167_1231,0.25
692,2016_1167_1233,0.6
693,2016_1167_1234,0.38
694,2016_1167_1235,0.15
695,2016_1167_1242,0.0
696,2016_1167_1246,0.22
697,2016_1167_1268,0.34
698,2016_1167_1274,0.11
699,2016_1167_1276,0.32
700,2016_1167_1277,0.07
701,2016_1167_1292,0.4
702,2016_1167_1314,0.01
703,2016_1167_1320,0.19
704,2016_1167_1323,0.36
705,2016_1167_1328,0.15
706,2016_1167_1332,0.02
707,2016_1167_1333,0.25
708,2016_1167_1338,0.33
709,2016_1167_1344,0.19
710,2016_1167_1345,0.2
711,2016_1167_1355,0.4
712,2016_1167_1371,0.34
713,2016_1167_1372,0.45
714,2016_1167_1380,0.2
715,2016_1167_1386,0.29
716,2016_1167_1392,0.4
717,2016_1167_1393,0.17
718,2016_1167_1396,0.17
719,2016_1167_1400,0.14
720,2016_1167_1401,0.09
721,2016_1167_1403,0.22
722,2016_1167_1409,0.19
723,2016_1167_1421,0.39
724,2016_1167_1423,0.36
725,2016_1167_1425,0.3
726,2016_1167_1428,0.1
727,2016_1167_1433,0.28
728,2016_1167_1435,0.18
729,2016_1167_1437,0.05
730,2016_1167_1438,0.02
731,2016_1167_1451,0.43
732,2016_1167_1452,0.07
733,2016_1167_1453,0.55
734,2016_1167_1455,0.16
735,2016_1167_1458,0.24
736,2016_1167_1462,0.04
737,2016_1167_1463,0.32
738,2016_1173_1181,0.49
739,2016_1173_1192,0.87
740,2016_1173_1195,0.87
741,2016_1173_1201,0.78
742,2016_1173_1211,0.64
743,2016_1173_1214,0.91
744,2016_1173_1218,0.79
745,2016_1173_1221,0.83
746,2016_1173_1231,0.49
747,2016_1173_1233,0.85
748,2016_1173_1234,0.53
749,2016_1173_1235,0.48
750,2016_1173_1242,0.28
751,2016_1173_1246,0.46
752,2016_1173_1268,0.53
753,2016_1173_1274,0.43
754,2016_1173_1276,0.7
755,2016_1173_1277,0.43
756,2016_1173_1292,0.81
757,2016_1173_1314,0.26
758,2016_1173_1320,0.73
759,2016_1173_1323,0.47
760,2016_1173_1328,0.24
761,2016_1173_1332,0.37
762,2016_1173_1333,0.54
763,2016_1173_1338,0.5
764,2016_1173_1344,0.64
765,2016_1173_1345,0.47
766,2016_1173_1355,0.73
767,2016_1173_1371,0.46
768,2016_1173_1372,0.77
769,2016_1173_1380,0.86
770,2016_1173_1386,0.49
771,2016_1173_1392,0.78
772,2016_1173_1393,0.68
773,2016_1173_1396,0.68
774,2016_1173_1400,0.53
775,2016_1173_1401,0.42
776,2016_1173_1403,0.63
777,2016_1173_1409,0.67
778,2016_1173_1421,0.87
779,2016_1173_1423,0.75
780,2016_1173_1425,0.6
781,2016_1173_1428,0.48
782,2016_1173_1433,0.63
783,2016_1173_1435,0.58
784,2016_1173_1437,0.51
785,2016_1173_1438,0.5
786,2016_1173_1451,0.81
787,2016_1173_1452,0.47
788,2016_1173_1453,0.77
789,2016_1173_1455,0.63
790,2016_1173_1458,0.47
791,2016_1173_1462,0.42
792,2016_1173_1463,0.58
793,2016_1181_1192,0.8
794,2016_1181_1195,0.81
795,2016_1181_1201,0.46
796,2016_1181_1211,0.68
797,2016_1181_1214,0.88
798,2016_1181_1218,0.66
799,2016_1181_1221,0.76
800,2016_1181_1231,0.43
801,2016_1181_1233,0.7
802,2016_1181_1234,0.59
803,2016_1181_1235,0.54
804,2016_1181_1242,0.28
805,2016_1181_1246,0.57
806,2016_1181_1268,0.48
807,2016_1181_1274,0.48
808,2016_1181_1276,0.53
809,2016_1181_1277,0.48
810,2016_1181_1292,0.84
811,2016_1181_1314,0.46
812,2016_1181_1320,0.51
813,2016_1181_1323,0.42
814,2016_1181_1328,0.49
815,2016_1181_1332,0.56
816,2016_1181_1333,0.61
817,2016_1181_1338,0.55
818,2016_1181_1344,0.44
819,2016_1181_1345,0.45
820,2016_1181_1355,0.57
821,2016_1181_1371,0.54
822,2016_1181_1372,0.58
823,2016_1181_1380,0.85
824,2016_1181_1386,0.6
825,2016_1181_1392,0.54
826,2016_1181_1393,0.49
827,2016_1181_1396,0.46
828,2016_1181_1400,0.45
829,2016_1181_1401,0.52
830,2016_1181_1403,0.53
831,2016_1181_1409,0.51
832,2016_1181_1421,0.8
833,2016_1181_1423,0.5
834,2016_1181_1425,0.53
835,2016_1181_1428,0.57
836,2016_1181_1433,0.57
837,2016_1181_1435,0.52
838,2016_1181_1437,0.48
839,2016_1181_1438,0.67
840,2016_1181_1451,0.81
841,2016_1181_1452,0.42
842,2016_1181_1453,0.51
843,2016_1181_1455,0.52
844,2016_1181_1458,0.52
845,2016_1181_1462,0.55
846,2016_1181_1463,0.51
847,2016_1192_1195,0.52
848,2016_1192_1201,0.39
849,2016_1192_1211,0.24
850,2016_1192_1214,0.46
851,2016_1192_1218,0.56
852,2016_1192_1221,0.31
853,2016_1192_1231,0.2
854,2016_1192_1233,0.56
855,2016_1192_1234,0.26
856,2016_1192_1235,0.05
857,2016_1192_1242,0.0
858,2016_1192_1246,0.09
859,2016_1192_1268,0.18
860,2016_1192_1274,0.02
861,2016_1192_1276,0.18
862,2016_1192_1277,0.01
863,2016_1192_1292,0.34
864,2016_1192_1314,0.0
865,2016_1192_1320,0.11
866,2016_1192_1323,0.25
867,2016_1192_1328,0.06
868,2016_1192_1332,0.01
869,2016_1192_1333,0.15
870,2016_1192_1338,0.25
871,2016_1192_1344,0.09
872,2016_1192_1345,0.14
873,2016_1192_1355,0.28
874,2016_1192_1371,0.13
875,2016_1192_1372,0.4
876,2016_1192_1380,0.16
877,2016_1192_1386,0.17
878,2016_1192_1392,0.38
879,2016_1192_1393,0.16
880,2016_1192_1396,0.17
881,2016_1192_1400,0.1
882,2016_1192_1401,0.03
883,2016_1192_1403,0.11
884,2016_1192_1409,0.1
885,2016_1192_1421,0.36
886,2016_1192_1423,0.27
887,2016_1192_1425,0.2
888,2016_1192_1428,0.04
889,2016_1192_1433,0.17
890,2016_1192_1435,0.09
891,2016_1192_1437,0.01
892,2016_1192_1438,0.01
893,2016_1192_1451,0.36
894,2016_1192_1452,0.1
895,2016_1192_1453,0.47
896,2016_1192_1455,0.09
897,2016_1192_1458,0.14
898,2016_1192_1462,0.02
899,2016_1192_1463,0.26
900,2016_1195_1201,0.37
901,2016_1195_1211,0.25
902,2016_1195_1214,0.43
903,2016_1195_1218,0.55
904,2016_1195_1221,0.3
905,2016_1195_1231,0.22
906,2016_1195_1233,0.55
907,2016_1195_1234,0.27
908,2016_1195_1235,0.07
909,2016_1195_1242,0.0
910,2016_1195_1246,0.09
911,2016_1195_1268,0.16
912,2016_1195_1274,0.03
913,2016_1195_1276,0.16
914,2016_1195_1277,0.02
915,2016_1195_1292,0.31
916,2016_1195_1314,0.0
917,2016_1195_1320,0.08
918,2016_1195_1323,0.24
919,2016_1195_1328,0.07
920,2016_1195_1332,0.0
921,2016_1195_1333,0.14
922,2016_1195_1338,0.27
923,2016_1195_1344,0.07
924,2016_1195_1345,0.15
925,2016_1195_1355,0.26
926,2016_1195_1371,0.12
927,2016_1195_1372,0.4
928,2016_1195_1380,0.13
929,2016_1195_1386,0.16
930,2016_1195_1392,0.35
931,2016_1195_1393,0.15
932,2016_1195_1396,0.15
933,2016_1195_1400,0.07
934,2016_1195_1401,0.03
935,2016_1195_1403,0.11
936,2016_1195_1409,0.09
937,2016_1195_1421,0.32
938,2016_1195_1423,0.25
939,2016_1195_1425,0.2
940,2016_1195_1428,0.05
941,2016_1195_1433,0.18
942,2016_1195_1435,0.11
943,2016_1195_1437,0.02
944,2016_1195_1438,0.01
945,2016_1195_1451,0.33
946,2016_1195_1452,0.09
947,2016_1195_1453,0.46
948,2016_1195_1455,0.07
949,2016_1195_1458,0.12
950,2016_1195_1462,0.03
951,2016_1195_1463,0.24
952,2016_1201_1211,0.35
953,2016_1201_1214,0.53
954,2016_1201_1218,0.63
955,2016_1201_1221,0.36
956,2016_1201_1231,0.21
957,2016_1201_1233,0.67
958,2016_1201_1234,0.35
959,2016_1201_1235,0.09
960,2016_1201_1242,0.02
961,2016_1201_1246,0.18
962,2016_1201_1268,0.27
963,2016_1201_1274,0.09
964,2016_1201_1276,0.35
965,2016_1201_1277,0.1
966,2016_1201_1292,0.44
967,2016_1201_1314,0.02
968,2016_1201_1320,0.22
969,2016_1201_1323,0.31
970,2016_1201_1328,0.09
971,2016_1201_1332,0.07
972,2016_1201_1333,0.21
973,2016_1201_1338,0.25
974,2016_1201_1344,0.23
975,2016_1201_1345,0.16
976,2016_1201_1355,0.47
977,2016_1201_1371,0.2
978,2016_1201_1372,0.46
979,2016_1201_1380,0.26
980,2016_1201_1386,0.21
981,2016_1201_1392,0.41
982,2016_1201_1393,0.14
983,2016_1201_1396,0.14
984,2016_1201_1400,0.1
985,2016_1201_1401,0.07
986,2016_1201_1403,0.17
987,2016_1201_1409,0.19
988,2016_1201_1421,0.37
989,2016_1201_1423,0.37
990,2016_1201_1425,0.28
991,2016_1201_1428,0.07
992,2016_1201_1433,0.22
993,2016_1201_1435,0.2
994,2016_1201_1437,0.09
995,2016_1201_1438,0.03
996,2016_1201_1451,0.45
997,2016_1201_1452,0.1
998,2016_1201_1453,0.57
999,2016_1201_1455,0.12
1000,2016_1201_1458,0.19
1001,2016_1201_1462,0.04
1002,2016_1201_1463,0.26
1003,2016_1211_1214,0.79
1004,2016_1211_1218,0.68
1005,2016_1211_1221,0.73
1006,2016_1211_1231,0.46
1007,2016_1211_1233,0.74
1008,2016_1211_1234,0.4
1009,2016_1211_1235,0.31
1010,2016_1211_1242,0.07
1011,2016_1211_1246,0.28
1012,2016_1211_1268,0.42
1013,2016_1211_1274,0.45
1014,2016_1211_1276,0.44
1015,2016_1211_1277,0.36
1016,2016_1211_1292,0.8
1017,2016_1211_1314,0.1
1018,2016_1211_1320,0.47
1019,2016_1211_1323,0.44
1020,2016_1211_1328,0.34
1021,2016_1211_1332,0.16
1022,2016_1211_1333,0.45
1023,2016_1211_1338,0.5
1024,2016_1211_1344,0.55
1025,2016_1211_1345,0.46
1026,2016_1211_1355,0.68
1027,2016_1211_1371,0.45
1028,2016_1211_1372,0.77
1029,2016_1211_1380,0.82
1030,2016_1211_1386,0.44
1031,2016_1211_1392,0.72
1032,2016_1211_1393,0.54
1033,2016_1211_1396,0.53
1034,2016_1211_1400,0.43
1035,2016_1211_1401,0.35
1036,2016_1211_1403,0.49
1037,2016_1211_1409,0.46
1038,2016_1211_1421,0.78
1039,2016_1211_1423,0.7
1040,2016_1211_1425,0.51
1041,2016_1211_1428,0.46
1042,2016_1211_1433,0.5
1043,2016_1211_1435,0.44
1044,2016_1211_1437,0.43
1045,2016_1211_1438,0.25
1046,2016_1211_1451,0.79
1047,2016_1211_1452,0.36
1048,2016_1211_1453,0.8
1049,2016_1211_1455,0.44
1050,2016_1211_1458,0.43
1051,2016_1211_1462,0.32
1052,2016_1211_1463,0.61
1053,2016_1214_1218,0.51
1054,2016_1214_1221,0.26
1055,2016_1214_1231,0.19
1056,2016_1214_1233,0.55
1057,2016_1214_1234,0.28
1058,2016_1214_1235,0.04
1059,2016_1214_1242,0.0
1060,2016_1214_1246,0.09
1061,2016_1214_1268,0.14
1062,2016_1214_1274,0.02
1063,2016_1214_1276,0.13
1064,2016_1214_1277,0.03
1065,2016_1214_1292,0.26
1066,2016_1214_1314,0.0
1067,2016_1214_1320,0.04
1068,2016_1214_1323,0.25
1069,2016_1214_1328,0.05
1070,2016_1214_1332,0.0
1071,2016_1214_1333,0.14
1072,2016_1214_1338,0.21
1073,2016_1214_1344,0.08
1074,2016_1214_1345,0.14
1075,2016_1214_1355,0.22
1076,2016_1214_1371,0.13
1077,2016_1214_1372,0.32
1078,2016_1214_1380,0.08
1079,2016_1214_1386,0.13
1080,2016_1214_1392,0.25
1081,2016_1214_1393,0.1
1082,2016_1214_1396,0.08
1083,2016_1214_1400,0.06
1084,2016_1214_1401,0.04
1085,2016_1214_1403,0.13
1086,2016_1214_1409,0.1
1087,2016_1214_1421,0.3
1088,2016_1214_1423,0.24
1089,2016_1214_1425,0.2
1090,2016_1214_1428,0.06
1091,2016_1214_1433,0.15
1092,2016_1214_1435,0.09
1093,2016_1214_1437,0.02
1094,2016_1214_1438,0.01
1095,2016_1214_1451,0.34
1096,2016_1214_1452,0.12
1097,2016_1214_1453,0.44
1098,2016_1214_1455,0.07
1099,2016_1214_1458,0.14
1100,2016_1214_1462,0.03
1101,2016_1214_1463,0.2
1102,2016_1218_1221,0.43
1103,2016_1218_1231,0.29
1104,2016_1218_1233,0.63
1105,2016_1218_1234,0.37
1106,2016_1218_1235,0.09
1107,2016_1218_1242,0.05
1108,2016_1218_1246,0.29
1109,2016_1218_1268,0.31
1110,2016_1218_1274,0.15
1111,2016_1218_1276,0.34
1112,2016_1218_1277,0.13
1113,2016_1218_1292,0.51
1114,2016_1218_1314,0.1
1115,2016_1218_1320,0.25
1116,2016_1218_1323,0.39
1117,2016_1218_1328,0.15
1118,2016_1218_1332,0.11
1119,2016_1218_1333,0.26
1120,2016_1218_1338,0.31
1121,2016_1218_1344,0.27
1122,2016_1218_1345,0.26
1123,2016_1218_1355,0.52
1124,2016_1218_1371,0.34
1125,2016_1218_1372,0.52
1126,2016_1218_1380,0.38
1127,2016_1218_1386,0.35
1128,2016_1218_1392,0.43
1129,2016_1218_1393,0.22
1130,2016_1218_1396,0.23
1131,2016_1218_1400,0.18
1132,2016_1218_1401,0.1
1133,2016_1218_1403,0.23
1134,2016_1218_1409,0.26
1135,2016_1218_1421,0.49
1136,2016_1218_1423,0.46
1137,2016_1218_1425,0.37
1138,2016_1218_1428,0.15
1139,2016_1218_1433,0.28
1140,2016_1218_1435,0.24
1141,2016_1218_1437,0.16
1142,2016_1218_1438,0.08
1143,2016_1218_1451,0.53
1144,2016_1218_1452,0.24
1145,2016_1218_1453,0.6
1146,2016_1218_1455,0.24
1147,2016_1218_1458,0.22
1148,2016_1218_1462,0.18
1149,2016_1218_1463,0.32
1150,2016_1221_1231,0.27
1151,2016_1221_1233,0.62
1152,2016_1221_1234,0.3
1153,2016_1221_1235,0.06
1154,2016_1221_1242,0.0
1155,2016_1221_1246,0.11
1156,2016_1221_1268,0.27
1157,2016_1221_1274,0.06
1158,2016_1221_1276,0.35
1159,2016_1221_1277,0.02
1160,2016_1221_1292,0.51
1161,2016_1221_1314,0.0
1162,2016_1221_1320,0.15
1163,2016_1221_1323,0.27
1164,2016_1221_1328,0.09
1165,2016_1221_1332,0.01
1166,2016_1221_1333,0.21
1167,2016_1221_1338,0.3
1168,2016_1221_1344,0.23
1169,2016_1221_1345,0.22
1170,2016_1221_1355,0.34
1171,2016_1221_1371,0.24
1172,2016_1221_1372,0.5
1173,2016_1221_1380,0.3
1174,2016_1221_1386,0.32
1175,2016_1221_1392,0.49
1176,2016_1221_1393,0.22
1177,2016_1221_1396,0.26
1178,2016_1221_1400,0.21
1179,2016_1221_1401,0.02
1180,2016_1221_1403,0.26
1181,2016_1221_1409,0.22
1182,2016_1221_1421,0.5
1183,2016_1221_1423,0.39
1184,2016_1221_1425,0.29
1185,2016_1221_1428,0.06
1186,2016_1221_1433,0.34
1187,2016_1221_1435,0.21
1188,2016_1221_1437,0.01
1189,2016_1221_1438,0.01
1190,2016_1221_1451,0.54
1191,2016_1221_1452,0.04
1192,2016_1221_1453,0.57
1193,2016_1221_1455,0.13
1194,2016_1221_1458,0.2
1195,2016_1221_1462,0.02
1196,2016_1221_1463,0.39
1197,2016_1231_1233,0.9
1198,2016_1231_1234,0.59
1199,2016_1231_1235,0.45
1200,2016_1231_1242,0.24
1201,2016_1231_1246,0.48
1202,2016_1231_1268,0.62
1203,2016_1231_1274,0.46
1204,2016_1231_1276,0.72
1205,2016_1231_1277,0.5
1206,2016_1231_1292,0.87
1207,2016_1231_1314,0.28
1208,2016_1231_1320,0.77
1209,2016_1231_1323,0.49
1210,2016_1231_1328,0.42
1211,2016_1231_1332,0.39
1212,2016_1231_1333,0.77
1213,2016_1231_1338,0.74
1214,2016_1231_1344,0.76
1215,2016_1231_1345,0.61
1216,2016_1231_1355,0.79
1217,2016_1231_1371,0.62
1218,2016_1231_1372,0.8
1219,2016_1231_1380,0.93
1220,2016_1231_1386,0.76
1221,2016_1231_1392,0.71
1222,2016_1231_1393,0.79
1223,2016_1231_1396,0.68
1224,2016_1231_1400,0.67
1225,2016_1231_1401,0.45
1226,2016_1231_1403,0.72
1227,2016_1231_1409,0.71
1228,2016_1231_1421,0.81
1229,2016_1231_1423,0.65
1230,2016_1231_1425,0.72
1231,2016_1231_1428,0.63
1232,2016_1231_1433,0.71
1233,2016_1231_1435,0.78
1234,2016_1231_1437,0.49
1235,2016_1231_1438,0.56
1236,2016_1231_1451,0.86
1237,2016_1231_1452,0.39
1238,2016_1231_1453,0.71
1239,2016_1231_1455,0.72
1240,2016_1231_1458,0.67
1241,2016_1231_1462,0.44
1242,2016_1231_1463,0.7
1243,2016_1233_1234,0.27
1244,2016_1233_1235,0.14
1245,2016_1233_1242,0.07
1246,2016_1233_1246,0.23
1247,2016_1233_1268,0.17
1248,2016_1233_1274,0.17
1249,2016_1233_1276,0.21
1250,2016_1233_1277,0.16
1251,2016_1233_1292,0.41
1252,2016_1233_1314,0.14
1253,2016_1233_1320,0.14
1254,2016_1233_1323,0.24
1255,2016_1233_1328,0.2
1256,2016_1233_1332,0.1
1257,2016_1233_1333,0.14
1258,2016_1233_1338,0.31
1259,2016_1233_1344,0.22
1260,2016_1233_1345,0.21
1261,2016_1233_1355,0.37
1262,2016_1233_1371,0.24
1263,2016_1233_1372,0.46
1264,2016_1233_1380,0.27
1265,2016_1233_1386,0.24
1266,2016_1233_1392,0.38
1267,2016_1233_1393,0.17
1268,2016_1233_1396,0.14
1269,2016_1233_1400,0.12
1270,2016_1233_1401,0.15
1271,2016_1233_1403,0.14
1272,2016_1233_1409,0.2
1273,2016_1233_1421,0.38
1274,2016_1233_1423,0.34
1275,2016_1233_1425,0.29
1276,2016_1233_1428,0.19
1277,2016_1233_1433,0.21
1278,2016_1233_1435,0.17
1279,2016_1233_1437,0.23
1280,2016_1233_1438,0.08
1281,2016_1233_1451,0.45
1282,2016_1233_1452,0.27
1283,2016_1233_1453,0.49
1284,2016_1233_1455,0.15
1285,2016_1233_1458,0.14
1286,2016_1233_1462,0.2
1287,2016_1233_1463,0.26
1288,2016_1234_1235,0.49
1289,2016_1234_1242,0.31
1290,2016_1234_1246,0.39
1291,2016_1234_1268,0.5
1292,2016_1234_1274,0.49
1293,2016_1234_1276,0.5
1294,2016_1234_1277,0.39
1295,2016_1234_1292,0.84
1296,2016_1234_1314,0.22
1297,2016_1234_1320,0.55
1298,2016_1234_1323,0.38
1299,2016_1234_1328,0.19
1300,2016_1234_1332,0.37
1301,2016_1234_1333,0.46
1302,2016_1234_1338,0.38
1303,2016_1234_1344,0.56
1304,2016_1234_1345,0.53
1305,2016_1234_1355,0.68
1306,2016_1234_1371,0.42
1307,2016_1234_1372,0.83
1308,2016_1234_1380,0.83
1309,2016_1234_1386,0.47
1310,2016_1234_1392,0.68
1311,2016_1234_1393,0.47
1312,2016_1234_1396,0.43
1313,2016_1234_1400,0.49
1314,2016_1234_1401,0.39
1315,2016_1234_1403,0.49
1316,2016_1234_1409,0.49
1317,2016_1234_1421,0.85
1318,2016_1234_1423,0.68
1319,2016_1234_1425,0.56
1320,2016_1234_1428,0.49
1321,2016_1234_1433,0.48
1322,2016_1234_1435,0.51
1323,2016_1234_1437,0.48
1324,2016_1234_1438,0.53
1325,2016_1234_1451,0.8
1326,2016_1234_1452,0.49
1327,2016_1234_1453,0.78
1328,2016_1234_1455,0.5
1329,2016_1234_1458,0.37
1330,2016_1234_1462,0.3
1331,2016_1234_1463,0.62
1332,2016_1235_1242,0.36
1333,2016_1235_1246,0.52
1334,2016_1235_1268,0.35
1335,2016_1235_1274,0.47
1336,2016_1235_1276,0.67
1337,2016_1235_1277,0.54
1338,2016_1235_1292,0.86
1339,2016_1235_1314,0.56
1340,2016_1235_1320,0.58
1341,2016_1235_1323,0.38
1342,2016_1235_1328,0.58
1343,2016_1235_1332,0.64
1344,2016_1235_1333,0.58
1345,2016_1235_1338,0.68
1346,2016_1235_1344,0.51
1347,2016_1235_1345,0.38
1348,2016_1235_1355,0.72
1349,2016_1235_1371,0.54
1350,2016_1235_1372,0.72
1351,2016_1235_1380,0.87
1352,2016_1235_1386,0.63
1353,2016_1235_1392,0.67
1354,2016_1235_1393,0.64
1355,2016_1235_1396,0.59
1356,2016_1235_1400,0.37
1357,2016_1235_1401,0.55
1358,2016_1235_1403,0.53
1359,2016_1235_1409,0.62
1360,2016_1235_1421,0.78
1361,2016_1235_1423,0.65
1362,2016_1235_1425,0.61
1363,2016_1235_1428,0.59
1364,2016_1235_1433,0.73
1365,2016_1235_1435,0.61
1366,2016_1235_1437,0.52
1367,2016_1235_1438,0.65
1368,2016_1235_1451,0.8
1369,2016_1235_1452,0.56
1370,2016_1235_1453,0.6
1371,2016_1235_1455,0.63
1372,2016_1235_1458,0.51
1373,2016_1235_1462,0.67
1374,2016_1235_1463,0.62
1375,2016_1242_1246,0.75
1376,2016_1242_1268,0.7
1377,2016_1242_1274,0.59
1378,2016_1242_1276,0.73
1379,2016_1242_1277,0.64
1380,2016_1242_1292,0.97
1381,2016_1242_1314,0.56
1382,2016_1242_1320,0.76
1383,2016_1242_1323,0.95
1384,2016_1242_1328,0.63
1385,2016_1242_1332,0.68
1386,2016_1242_1333,0.88
1387,2016_1242_1338,0.89
1388,2016_1242_1344,0.83
1389,2016_1242_1345,0.76
1390,2016_1242_1355,0.92
1391,2016_1242_1371,0.87
1392,2016_1242_1372,0.86
1393,2016_1242_1380,1.0
1394,2016_1242_1386,0.93
1395,2016_1242_1392,0.83
1396,2016_1242_1393,0.87
1397,2016_1242_1396,0.84
1398,2016_1242_1400,0.73
1399,2016_1242_1401,0.66
1400,2016_1242_1403,0.78
1401,2016_1242_1409,0.68
1402,2016_1242_1421,0.93
1403,2016_1242_1423,0.82
1404,2016_1242_1425,0.88
1405,2016_1242_1428,0.71
1406,2016_1242_1433,0.84
1407,2016_1242_1435,0.76
1408,2016_1242_1437,0.64
1409,2016_1242_1438,0.82
1410,2016_1242_1451,0.88
1411,2016_1242_1452,0.58
1412,2016_1242_1453,0.89
1413,2016_1242_1455,0.67
1414,2016_1242_1458,0.89
1415,2016_1242_1462,0.65
1416,2016_1242_1463,0.83
1417,2016_1246_1268,0.74
1418,2016_1246_1274,0.74
1419,2016_1246_1276,0.75
1420,2016_1246_1277,0.63
1421,2016_1246_1292,0.87
1422,2016_1246_1314,0.66
1423,2016_1246_1320,0.72
1424,2016_1246_1323,0.75
1425,2016_1246_1328,0.66
1426,2016_1246_1332,0.66
1427,2016_1246_1333,0.81
1428,2016_1246_1338,0.71
1429,2016_1246_1344,0.75
1430,2016_1246_1345,0.71
1431,2016_1246_1355,0.78
1432,2016_1246_1371,0.78
1433,2016_1246_1372,0.72
1434,2016_1246_1380,0.93
1435,2016_1246_1386,0.72
1436,2016_1246_1392,0.8
1437,2016_1246_1393,0.76
1438,2016_1246_1396,0.74
1439,2016_1246_1400,0.72
1440,2016_1246_1401,0.7
1441,2016_1246_1403,0.74
1442,2016_1246_1409,0.68
1443,2016_1246_1421,0.86
1444,2016_1246_1423,0.73
1445,2016_1246_1425,0.69
1446,2016_1246_1428,0.73
1447,2016_1246_1433,0.74
1448,2016_1246_1435,0.71
1449,2016_1246_1437,0.63
1450,2016_1246_1438,0.71
1451,2016_1246_1451,0.82
1452,2016_1246_1452,0.7
1453,2016_1246_1453,0.69
1454,2016_1246_1455,0.73
1455,2016_1246_1458,0.64
1456,2016_1246_1462,0.74
1457,2016_1246_1463,0.74
1458,2016_1268_1274,0.54
1459,2016_1268_1276,0.59
1460,2016_1268_1277,0.44
1461,2016_1268_1292,0.88
1462,2016_1268_1314,0.21
1463,2016_1268_1320,0.68
1464,2016_1268_1323,0.41
1465,2016_1268_1328,0.33
1466,2016_1268_1332,0.36
1467,2016_1268_1333,0.64
1468,2016_1268_1338,0.53
1469,2016_1268_1344,0.56
1470,2016_1268_1345,0.56
1471,2016_1268_1355,0.76
1472,2016_1268_1371,0.51
1473,2016_1268_1372,0.81
1474,2016_1268_1380,0.95
1475,2016_1268_1386,0.59
1476,2016_1268_1392,0.81
1477,2016_1268_1393,0.6
1478,2016_1268_1396,0.57
1479,2016_1268_1400,0.56
1480,2016_1268_1401,0.46
1481,2016_1268_1403,0.59
1482,2016_1268_1409,0.63
1483,2016_1268_1421,0.82
1484,2016_1268_1423,0.71
1485,2016_1268_1425,0.59
1486,2016_1268_1428,0.46
1487,2016_1268_1433,0.65
1488,2016_1268_1435,0.62
1489,2016_1268_1437,0.48
1490,2016_1268_1438,0.49
1491,2016_1268_1451,0.85
1492,2016_1268_1452,0.4
1493,2016_1268_1453,0.68
1494,2016_1268_1455,0.53
1495,2016_1268_1458,0.55
1496,2016_1268_1462,0.43
1497,2016_1268_1463,0.72
1498,2016_1274_1276,0.71
1499,2016_1274_1277,0.56
1500,2016_1274_1292,0.93
1501,2016_1274_1314,0.51
1502,2016_1274_1320,0.73
1503,2016_1274_1323,0.66
1504,2016_1274_1328,0.58
1505,2016_1274_1332,0.69
1506,2016_1274_1333,0.81
1507,2016_1274_1338,0.72
1508,2016_1274_1344,0.64
1509,2016_1274_1345,0.53
1510,2016_1274_1355,0.82
1511,2016_1274_1371,0.76
1512,2016_1274_1372,0.83
1513,2016_1274_1380,0.98
1514,2016_1274_1386,0.76
1515,2016_1274_1392,0.81
1516,2016_1274_1393,0.79
1517,2016_1274_1396,0.73
1518,2016_1274_1400,0.51
1519,2016_1274_1401,0.51
1520,2016_1274_1403,0.72
1521,2016_1274_1409,0.71
1522,2016_1274_1421,0.9
1523,2016_1274_1423,0.75
1524,2016_1274_1425,0.65
1525,2016_1274_1428,0.56
1526,2016_1274_1433,0.82
1527,2016_1274_1435,0.75
1528,2016_1274_1437,0.68
1529,2016_1274_1438,0.76
1530,2016_1274_1451,0.86
1531,2016_1274_1452,0.51
1532,2016_1274_1453,0.68
1533,2016_1274_1455,0.65
1534,2016_1274_1458,0.6
1535,2016_1274_1462,0.69
1536,2016_1274_1463,0.73
1537,2016_1276_1277,0.25
1538,2016_1276_1292,0.75
1539,2016_1276_1314,0.11
1540,2016_1276_1320,0.33
1541,2016_1276_1323,0.34
1542,2016_1276_1328,0.15
1543,2016_1276_1332,0.12
1544,2016_1276_1333,0.39
1545,2016_1276_1338,0.3
1546,2016_1276_1344,0.52
1547,2016_1276_1345,0.45
1548,2016_1276_1355,0.66
1549,2016_1276_1371,0.41
1550,2016_1276_1372,0.76
1551,2016_1276_1380,0.7
1552,2016_1276_1386,0.37
1553,2016_1276_1392,0.7
1554,2016_1276_1393,0.41
1555,2016_1276_1396,0.41
1556,2016_1276_1400,0.4
1557,2016_1276_1401,0.48
1558,2016_1276_1403,0.42
1559,2016_1276_1409,0.4
1560,2016_1276_1421,0.76
1561,2016_1276_1423,0.6
1562,2016_1276_1425,0.37
1563,2016_1276_1428,0.55
1564,2016_1276_1433,0.39
1565,2016_1276_1435,0.34
1566,2016_1276_1437,0.36
1567,2016_1276_1438,0.21
1568,2016_1276_1451,0.74
1569,2016_1276_1452,0.45
1570,2016_1276_1453,0.81
1571,2016_1276_1455,0.39
1572,2016_1276_1458,0.35
1573,2016_1276_1462,0.23
1574,2016_1276_1463,0.56
1575,2016_1277_1292,0.93
1576,2016_1277_1314,0.66
1577,2016_1277_1320,0.89
1578,2016_1277_1323,0.84
1579,2016_1277_1328,0.69
1580,2016_1277_1332,0.73
1581,2016_1277_1333,0.95
1582,2016_1277_1338,0.86
1583,2016_1277_1344,0.84
1584,2016_1277_1345,0.71
1585,2016_1277_1355,0.86
1586,2016_1277_1371,0.82
1587,2016_1277_1372,0.88
1588,2016_1277_1380,0.95
1589,2016_1277_1386,0.81
1590,2016_1277_1392,0.88
1591,2016_1277_1393,0.87
1592,2016_1277_1396,0.85
1593,2016_1277_1400,0.79
1594,2016_1277_1401,0.72
1595,2016_1277_1403,0.77
1596,2016_1277_1409,0.84
1597,2016_1277_1421,0.86
1598,2016_1277_1423,0.92
1599,2016_1277_1425,0.83
1600,2016_1277_1428,0.72
1601,2016_1277_1433,0.86
1602,2016_1277_1435,0.89
1603,2016_1277_1437,0.68
1604,2016_1277_1438,0.77
1605,2016_1277_1451,0.84
1606,2016_1277_1452,0.67
1607,2016_1277_1453,0.81
1608,2016_1277_1455,0.87
1609,2016_1277_1458,0.83
1610,2016_1277_1462,0.81
1611,2016_1277_1463,0.88
1612,2016_1292_1314,0.01
1613,2016_1292_1320,0.21
1614,2016_1292_1323,0.3
1615,2016_1292_1328,0.12
1616,2016_1292_1332,0.02
1617,2016_1292_1333,0.26
1618,2016_1292_1338,0.31
1619,2016_1292_1344,0.27
1620,2016_1292_1345,0.21
1621,2016_1292_1355,0.42
1622,2016_1292_1371,0.33
1623,2016_1292_1372,0.43
1624,2016_1292_1380,0.21
1625,2016_1292_1386,0.28
1626,2016_1292_1392,0.37
1627,2016_1292_1393,0.22
1628,2016_1292_1396,0.22
1629,2016_1292_1400,0.19
1630,2016_1292_1401,0.1
1631,2016_1292_1403,0.27
1632,2016_1292_1409,0.23
1633,2016_1292_1421,0.37
1634,2016_1292_1423,0.37
1635,2016_1292_1425,0.29
1636,2016_1292_1428,0.13
1637,2016_1292_1433,0.27
1638,2016_1292_1435,0.19
1639,2016_1292_1437,0.04
1640,2016_1292_1438,0.03
1641,2016_1292_1451,0.42
1642,2016_1292_1452,0.11
1643,2016_1292_1453,0.5
1644,2016_1292_1455,0.18
1645,2016_1292_1458,0.26
1646,2016_1292_1462,0.05
1647,2016_1292_1463,0.34
1648,2016_1314_1320,0.78
1649,2016_1314_1323,0.91
1650,2016_1314_1328,0.67
1651,2016_1314_1332,0.72
1652,2016_1314_1333,0.88
1653,2016_1314_1338,0.86
1654,2016_1314_1344,0.85
1655,2016_1314_1345,0.7
1656,2016_1314_1355,0.94
1657,2016_1314_1371,0.89
1658,2016_1314_1372,0.88
1659,2016_1314_1380,0.99
1660,2016_1314_1386,0.91
1661,2016_1314_1392,0.87
1662,2016_1314_1393,0.84
1663,2016_1314_1396,0.79
1664,2016_1314_1400,0.73
1665,2016_1314_1401,0.77
1666,2016_1314_1403,0.82
1667,2016_1314_1409,0.72
1668,2016_1314_1421,0.91
1669,2016_1314_1423,0.82
1670,2016_1314_1425,0.87
1671,2016_1314_1428,0.8
1672,2016_1314_1433,0.83
1673,2016_1314_1435,0.76
1674,2016_1314_1437,0.69
1675,2016_1314_1438,0.88
1676,2016_1314_1451,0.85
1677,2016_1314_1452,0.61
1678,2016_1314_1453,0.8
1679,2016_1314_1455,0.68
1680,2016_1314_1458,0.84
1681,2016_1314_1462,0.77
1682,2016_1314_1463,0.83
1683,2016_1320_1323,0.26
1684,2016_1320_1328,0.11
1685,2016_1320_1332,0.13
1686,2016_1320_1333,0.33
1687,2016_1320_1338,0.31
1688,2016_1320_1344,0.3
1689,2016_1320_1345,0.28
1690,2016_1320_1355,0.54
1691,2016_1320_1371,0.26
1692,2016_1320_1372,0.59
1693,2016_1320_1380,0.71
1694,2016_1320_1386,0.3
1695,2016_1320_1392,0.66
1696,2016_1320_1393,0.31
1697,2016_1320_1396,0.28
1698,2016_1320_1400,0.33
1699,2016_1320_1401,0.28
1700,2016_1320_1403,0.33
1701,2016_1320_1409,0.28
1702,2016_1320_1421,0.69
1703,2016_1320_1423,0.48
1704,2016_1320_1425,0.25
1705,2016_1320_1428,0.41
1706,2016_1320_1433,0.31
1707,2016_1320_1435,0.29
1708,2016_1320_1437,0.27
1709,2016_1320_1438,0.14
1710,2016_1320_1451,0.65
1711,2016_1320_1452,0.33
1712,2016_1320_1453,0.67
1713,2016_1320_1455,0.27
1714,2016_1320_1458,0.31
1715,2016_1320_1462,0.28
1716,2016_1320_1463,0.48
1717,2016_1323_1328,0.27
1718,2016_1323_1332,0.28
1719,2016_1323_1333,0.47
1720,2016_1323_1338,0.5
1721,2016_1323_1344,0.54
1722,2016_1323_1345,0.39
1723,2016_1323_1355,0.72
1724,2016_1323_1371,0.34
1725,2016_1323_1372,0.82
1726,2016_1323_1380,0.87
1727,2016_1323_1386,0.41
1728,2016_1323_1392,0.68
1729,2016_1323_1393,0.57
1730,2016_1323_1396,0.55
1731,2016_1323_1400,0.4
1732,2016_1323_1401,0.34
1733,2016_1323_1403,0.44
1734,2016_1323_1409,0.57
1735,2016_1323_1421,0.82
1736,2016_1323_1423,0.66
1737,2016_1323_1425,0.45
1738,2016_1323_1428,0.4
1739,2016_1323_1433,0.57
1740,2016_1323_1435,0.64
1741,2016_1323_1437,0.41
1742,2016_1323_1438,0.36
1743,2016_1323_1451,0.82
1744,2016_1323_1452,0.38
1745,2016_1323_1453,0.67
1746,2016_1323_1455,0.5
1747,2016_1323_1458,0.33
1748,2016_1323_1462,0.34
1749,2016_1323_1463,0.7
1750,2016_1328_1332,0.63
1751,2016_1328_1333,0.71
1752,2016_1328_1338,0.75
1753,2016_1328_1344,0.75
1754,2016_1328_1345,0.56
1755,2016_1328_1355,0.76
1756,2016_1328_1371,0.72
1757,2016_1328_1372,0.81
1758,2016_1328_1380,0.95
1759,2016_1328_1386,0.71
1760,2016_1328_1392,0.77
1761,2016_1328_1393,0.73
1762,2016_1328_1396,0.67
1763,2016_1328_1400,0.67
1764,2016_1328_1401,0.51
1765,2016_1328_1403,0.66
1766,2016_1328_1409,0.75
1767,2016_1328_1421,0.87
1768,2016_1328_1423,0.75
1769,2016_1328_1425,0.75
1770,2016_1328_1428,0.61
1771,2016_1328_1433,0.77
1772,2016_1328_1435,0.73
1773,2016_1328_1437,0.47
1774,2016_1328_1438,0.66
1775,2016_1328_1451,0.85
1776,2016_1328_1452,0.52
1777,2016_1328_1453,0.72
1778,2016_1328_1455,0.74
1779,2016_1328_1458,0.57
1780,2016_1328_1462,0.62
1781,2016_1328_1463,0.76
1782,2016_1332_1333,0.88
1783,2016_1332_1338,0.78
1784,2016_1332_1344,0.9
1785,2016_1332_1345,0.7
1786,2016_1332_1355,0.91
1787,2016_1332_1371,0.83
1788,2016_1332_1372,0.91
1789,2016_1332_1380,1.0
1790,2016_1332_1386,0.89
1791,2016_1332_1392,0.84
1792,2016_1332_1393,0.89
1793,2016_1332_1396,0.84
1794,2016_1332_1400,0.72
1795,2016_1332_1401,0.66
1796,2016_1332_1403,0.79
1797,2016_1332_1409,0.72
1798,2016_1332_1421,0.91
1799,2016_1332_1423,0.83
1800,2016_1332_1425,0.81
1801,2016_1332_1428,0.55
1802,2016_1332_1433,0.83
1803,2016_1332_1435,0.74
1804,2016_1332_1437,0.6
1805,2016_1332_1438,0.71
1806,2016_1332_1451,0.87
1807,2016_1332_1452,0.57
1808,2016_1332_1453,0.85
1809,2016_1332_1455,0.7
1810,2016_1332_1458,0.74
1811,2016_1332_1462,0.71
1812,2016_1332_1463,0.85
1813,2016_1333_1338,0.43
1814,2016_1333_1344,0.58
1815,2016_1333_1345,0.48
1816,2016_1333_1355,0.67
1817,2016_1333_1371,0.34
1818,2016_1333_1372,0.82
1819,2016_1333_1380,0.8
1820,2016_1333_1386,0.43
1821,2016_1333_1392,0.61
1822,2016_1333_1393,0.52
1823,2016_1333_1396,0.52
1824,2016_1333_1400,0.46
1825,2016_1333_1401,0.52
1826,2016_1333_1403,0.42
1827,2016_1333_1409,0.59
1828,2016_1333_1421,0.82
1829,2016_1333_1423,0.58
1830,2016_1333_1425,0.56
1831,2016_1333_1428,0.52
1832,2016_1333_1433,0.47
1833,2016_1333_1435,0.55
1834,2016_1333_1437,0.52
1835,2016_1333_1438,0.48
1836,2016_1333_1451,0.76
1837,2016_1333_1452,0.61
1838,2016_1333_1453,0.69
1839,2016_1333_1455,0.59
1840,2016_1333_1458,0.36
1841,2016_1333_1462,0.41
1842,2016_1333_1463,0.6
1843,2016_1338_1344,0.29
1844,2016_1338_1345,0.41
1845,2016_1338_1355,0.54
1846,2016_1338_1371,0.27
1847,2016_1338_1372,0.67
1848,2016_1338_1380,0.65
1849,2016_1338_1386,0.25
1850,2016_1338_1392,0.57
1851,2016_1338_1393,0.24
1852,2016_1338_1396,0.23
1853,2016_1338_1400,0.34
1854,2016_1338_1401,0.31
1855,2016_1338_1403,0.25
1856,2016_1338_1409,0.25
1857,2016_1338_1421,0.7
1858,2016_1338_1423,0.45
1859,2016_1338_1425,0.29
1860,2016_1338_1428,0.44
1861,2016_1338_1433,0.33
1862,2016_1338_1435,0.25
1863,2016_1338_1437,0.29
1864,2016_1338_1438,0.19
1865,2016_1338_1451,0.63
1866,2016_1338_1452,0.4
1867,2016_1338_1453,0.72
1868,2016_1338_1455,0.23
1869,2016_1338_1458,0.2
1870,2016_1338_1462,0.27
1871,2016_1338_1463,0.44
1872,2016_1344_1345,0.57
1873,2016_1344_1355,0.62
1874,2016_1344_1371,0.35
1875,2016_1344_1372,0.66
1876,2016_1344_1380,0.76
1877,2016_1344_1386,0.39
1878,2016_1344_1392,0.59
1879,2016_1344_1393,0.44
1880,2016_1344_1396,0.44
1881,2016_1344_1400,0.54
1882,2016_1344_1401,0.37
1883,2016_1344_1403,0.39
1884,2016_1344_1409,0.56
1885,2016_1344_1421,0.8
1886,2016_1344_1423,0.66
1887,2016_1344_1425,0.53
1888,2016_1344_1428,0.44
1889,2016_1344_1433,0.34
1890,2016_1344_1435,0.52
1891,2016_1344_1437,0.48
1892,2016_1344_1438,0.32
1893,2016_1344_1451,0.78
1894,2016_1344_1452,0.44
1895,2016_1344_1453,0.7
1896,2016_1344_1455,0.49
1897,2016_1344_1458,0.33
1898,2016_1344_1462,0.39
1899,2016_1344_1463,0.51
1900,2016_1345_1355,0.76
1901,2016_1345_1371,0.61
1902,2016_1345_1372,0.72
1903,2016_1345_1380,0.94
1904,2016_1345_1386,0.67
1905,2016_1345_1392,0.64
1906,2016_1345_1393,0.72
1907,2016_1345_1396,0.71
1908,2016_1345_1400,0.61
1909,2016_1345_1401,0.49
1910,2016_1345_1403,0.62
1911,2016_1345_1409,0.63
1912,2016_1345_1421,0.82
1913,2016_1345_1423,0.62
1914,2016_1345_1425,0.59
1915,2016_1345_1428,0.59
1916,2016_1345_1433,0.61
1917,2016_1345_1435,0.67
1918,2016_1345_1437,0.53
1919,2016_1345_1438,0.58
1920,2016_1345_1451,0.82
1921,2016_1345_1452,0.43
1922,2016_1345_1453,0.63
1923,2016_1345_1455,0.59
1924,2016_1345_1458,0.55
1925,2016_1345_1462,0.53
1926,2016_1345_1463,0.62
1927,2016_1355_1371,0.22
1928,2016_1355_1372,0.58
1929,2016_1355_1380,0.58
1930,2016_1355_1386,0.37
1931,2016_1355_1392,0.54
1932,2016_1355_1393,0.34
1933,2016_1355_1396,0.4
1934,2016_1355_1400,0.25
1935,2016_1355_1401,0.24
1936,2016_1355_1403,0.34
1937,2016_1355_1409,0.36
1938,2016_1355_1421,0.63
1939,2016_1355_1423,0.5
1940,2016_1355_1425,0.37
1941,2016_1355_1428,0.31
1942,2016_1355_1433,0.39
1943,2016_1355_1435,0.4
1944,2016_1355_1437,0.24
1945,2016_1355_1438,0.14
1946,2016_1355_1451,0.57
1947,2016_1355_1452,0.31
1948,2016_1355_1453,0.61
1949,2016_1355_1455,0.35
1950,2016_1355_1458,0.29
1951,2016_1355_1462,0.22
1952,2016_1355_1463,0.39
1953,2016_1371_1372,0.81
1954,2016_1371_1380,0.94
1955,2016_1371_1386,0.62
1956,2016_1371_1392,0.86
1957,2016_1371_1393,0.75
1958,2016_1371_1396,0.68
1959,2016_1371_1400,0.59
1960,2016_1371_1401,0.31
1961,2016_1371_1403,0.64
1962,2016_1371_1409,0.75
1963,2016_1371_1421,0.85
1964,2016_1371_1423,0.79
1965,2016_1371_1425,0.66
1966,2016_1371_1428,0.42
1967,2016_1371_1433,0.73
1968,2016_1371_1435,0.77
1969,2016_1371_1437,0.39
1970,2016_1371_1438,0.4
1971,2016_1371_1451,0.85
1972,2016_1371_1452,0.39
1973,2016_1371_1453,0.73
1974,2016_1371_1455,0.64
1975,2016_1371_1458,0.52
1976,2016_1371_1462,0.37
1977,2016_1371_1463,0.73
1978,2016_1372_1380,0.23
1979,2016_1372_1386,0.22
1980,2016_1372_1392,0.33
1981,2016_1372_1393,0.11
1982,2016_1372_1396,0.08
1983,2016_1372_1400,0.06
1984,2016_1372_1401,0.03
1985,2016_1372_1403,0.13
1986,2016_1372_1409,0.21
1987,2016_1372_1421,0.32
1988,2016_1372_1423,0.33
1989,2016_1372_1425,0.2
1990,2016_1372_1428,0.02
1991,2016_1372_1433,0.23
1992,2016_1372_1435,0.17
1993,2016_1372_1437,0.05
1994,2016_1372_1438,0.02
1995,2016_1372_1451,0.38
1996,2016_1372_1452,0.07
1997,2016_1372_1453,0.48
1998,2016_1372_1455,0.09
1999,2016_1372_1458,0.08
2000,2016_1372_1462,0.04
2001,2016_1372_1463,0.23
2002,2016_1380_1386,0.22
2003,2016_1380_1392,0.36
2004,2016_1380_1393,0.18
2005,2016_1380_1396,0.21
2006,2016_1380_1400,0.13
2007,2016_1380_1401,0.07
2008,2016_1380_1403,0.19
2009,2016_1380_1409,0.18
2010,2016_1380_1421,0.37
2011,2016_1380_1423,0.31
2012,2016_1380_1425,0.23
2013,2016_1380_1428,0.07
2014,2016_1380_1433,0.25
2015,2016_1380_1435,0.18
2016,2016_1380_1437,0.02
2017,2016_1380_1438,0.01
2018,2016_1380_1451,0.41
2019,2016_1380_1452,0.07
2020,2016_1380_1453,0.51
2021,2016_1380_1455,0.09
2022,2016_1380_1458,0.16
2023,2016_1380_1462,0.05
2024,2016_1380_1463,0.3
2025,2016_1386_1392,0.55
2026,2016_1386_1393,0.55
2027,2016_1386_1396,0.51
2028,2016_1386_1400,0.62
2029,2016_1386_1401,0.37
2030,2016_1386_1403,0.52
2031,2016_1386_1409,0.53
2032,2016_1386_1421,0.79
2033,2016_1386_1423,0.65
2034,2016_1386_1425,0.65
2035,2016_1386_1428,0.47
2036,2016_1386_1433,0.48
2037,2016_1386_1435,0.53
2038,2016_1386_1437,0.38
2039,2016_1386_1438,0.41
2040,2016_1386_1451,0.73
2041,2016_1386_1452,0.42
2042,2016_1386_1453,0.66
2043,2016_1386_1455,0.41
2044,2016_1386_1458,0.5
2045,2016_1386_1462,0.33
2046,2016_1386_1463,0.54
2047,2016_1392_1393,0.19
2048,2016_1392_1396,0.21
2049,2016_1392_1400,0.16
2050,2016_1392_1401,0.11
2051,2016_1392_1403,0.26
2052,2016_1392_1409,0.27
2053,2016_1392_1421,0.42
2054,2016_1392_1423,0.43
2055,2016_1392_1425,0.36
2056,2016_1392_1428,0.12
2057,2016_1392_1433,0.32
2058,2016_1392_1435,0.27
2059,2016_1392_1437,0.1
2060,2016_1392_1438,0.04
2061,2016_1392_1451,0.48
2062,2016_1392_1452,0.15
2063,2016_1392_1453,0.59
2064,2016_1392_1455,0.2
2065,2016_1392_1458,0.19
2066,2016_1392_1462,0.13
2067,2016_1392_1463,0.33
2068,2016_1393_1396,0.31
2069,2016_1393_1400,0.36
2070,2016_1393_1401,0.38
2071,2016_1393_1403,0.33
2072,2016_1393_1409,0.35
2073,2016_1393_1421,0.61
2074,2016_1393_1423,0.41
2075,2016_1393_1425,0.36
2076,2016_1393_1428,0.44
2077,2016_1393_1433,0.36
2078,2016_1393_1435,0.38
2079,2016_1393_1437,0.45
2080,2016_1393_1438,0.24
2081,2016_1393_1451,0.56
2082,2016_1393_1452,0.43
2083,2016_1393_1453,0.67
2084,2016_1393_1455,0.29
2085,2016_1393_1458,0.21
2086,2016_1393_1462,0.38
2087,2016_1393_1463,0.42
2088,2016_1396_1400,0.37
2089,2016_1396_1401,0.38
2090,2016_1396_1403,0.38
2091,2016_1396_1409,0.35
2092,2016_1396_1421,0.62
2093,2016_1396_1423,0.44
2094,2016_1396_1425,0.31
2095,2016_1396_1428,0.45
2096,2016_1396_1433,0.36
2097,2016_1396_1435,0.4
2098,2016_1396_1437,0.49
2099,2016_1396_1438,0.24
2100,2016_1396_1451,0.6
2101,2016_1396_1452,0.39
2102,2016_1396_1453,0.65
2103,2016_1396_1455,0.32
2104,2016_1396_1458,0.3
2105,2016_1396_1462,0.38
2106,2016_1396_1463,0.43
2107,2016_1400_1401,0.43
2108,2016_1400_1403,0.43
2109,2016_1400_1409,0.62
2110,2016_1400_1421,0.82
2111,2016_1400_1423,0.57
2112,2016_1400_1425,0.46
2113,2016_1400_1428,0.44
2114,2016_1400_1433,0.5
2115,2016_1400_1435,0.6
2116,2016_1400_1437,0.39
2117,2016_1400_1438,0.34
2118,2016_1400_1451,0.79
2119,2016_1400_1452,0.41
2120,2016_1400_1453,0.61
2121,2016_1400_1455,0.53
2122,2016_1400_1458,0.42
2123,2016_1400_1462,0.37
2124,2016_1400_1463,0.57
2125,2016_1401_1403,0.66
2126,2016_1401_1409,0.72
2127,2016_1401_1421,0.86
2128,2016_1401_1423,0.7
2129,2016_1401_1425,0.54
2130,2016_1401_1428,0.56
2131,2016_1401_1433,0.8
2132,2016_1401_1435,0.71
2133,2016_1401_1437,0.63
2134,2016_1401_1438,0.8
2135,2016_1401_1451,0.8
2136,2016_1401_1452,0.57
2137,2016_1401_1453,0.6
2138,2016_1401_1455,0.6
2139,2016_1401_1458,0.56
2140,2016_1401_1462,0.68
2141,2016_1401_1463,0.69
2142,2016_1403_1409,0.61
2143,2016_1403_1421,0.8
2144,2016_1403_1423,0.59
2145,2016_1403_1425,0.52
2146,2016_1403_1428,0.57
2147,2016_1403_1433,0.39
2148,2016_1403_1435,0.54
2149,2016_1403_1437,0.48
2150,2016_1403_1438,0.45
2151,2016_1403_1451,0.72
2152,2016_1403_1452,0.54
2153,2016_1403_1453,0.71
2154,2016_1403_1455,0.54
2155,2016_1403_1458,0.35
2156,2016_1403_1462,0.35
2157,2016_1403_1463,0.55
2158,2016_1409_1421,0.8
2159,2016_1409_1423,0.62
2160,2016_1409_1425,0.5
2161,2016_1409_1428,0.48
2162,2016_1409_1433,0.4
2163,2016_1409_1435,0.38
2164,2016_1409_1437,0.3
2165,2016_1409_1438,0.16
2166,2016_1409_1451,0.78
2167,2016_1409_1452,0.44
2168,2016_1409_1453,0.82
2169,2016_1409_1455,0.38
2170,2016_1409_1458,0.3
2171,2016_1409_1462,0.26
2172,2016_1409_1463,0.54
2173,2016_1421_1423,0.25
2174,2016_1421_1425,0.22
2175,2016_1421_1428,0.22
2176,2016_1421_1433,0.2
2177,2016_1421_1435,0.1
2178,2016_1421_1437,0.18
2179,2016_1421_1438,0.08
2180,2016_1421_1451,0.38
2181,2016_1421_1452,0.27
2182,2016_1421_1453,0.45
2183,2016_1421_1455,0.05
2184,2016_1421_1458,0.16
2185,2016_1421_1462,0.2
2186,2016_1421_1463,0.18
2187,2016_1423_1425,0.34
2188,2016_1423_1428,0.1
2189,2016_1423_1433,0.27
2190,2016_1423_1435,0.26
2191,2016_1423_1437,0.13
2192,2016_1423_1438,0.03
2193,2016_1423_1451,0.48
2194,2016_1423_1452,0.14
2195,2016_1423_1453,0.58
2196,2016_1423_1455,0.22
2197,2016_1423_1458,0.2
2198,2016_1423_1462,0.09
2199,2016_1423_1463,0.3
2200,2016_1425_1428,0.56
2201,2016_1425_1433,0.47
2202,2016_1425_1435,0.6
2203,2016_1425_1437,0.42
2204,2016_1425_1438,0.58
2205,2016_1425_1451,0.8
2206,2016_1425_1452,0.51
2207,2016_1425_1453,0.78
2208,2016_1425_1455,0.58
2209,2016_1425_1458,0.36
2210,2016_1425_1462,0.34
2211,2016_1425_1463,0.61
2212,2016_1428_1433,0.73
2213,2016_1428_1435,0.7
2214,2016_1428_1437,0.5
2215,2016_1428_1438,0.71
2216,2016_1428_1451,0.85
2217,2016_1428_1452,0.47
2218,2016_1428_1453,0.6
2219,2016_1428_1455,0.65
2220,2016_1428_1458,0.5
2221,2016_1428_1462,0.57
2222,2016_1428_1463,0.73
2223,2016_1433_1435,0.43
2224,2016_1433_1437,0.5
2225,2016_1433_1438,0.29
2226,2016_1433_1451,0.76
2227,2016_1433_1452,0.49
2228,2016_1433_1453,0.74
2229,2016_1433_1455,0.49
2230,2016_1433_1458,0.37
2231,2016_1433_1462,0.43
2232,2016_1433_1463,0.55
2233,2016_1435_1437,0.37
2234,2016_1435_1438,0.2
2235,2016_1435_1451,0.71
2236,2016_1435_1452,0.48
2237,2016_1435_1453,0.78
2238,2016_1435_1455,0.3
2239,2016_1435_1458,0.24
2240,2016_1435_1462,0.31
2241,2016_1435_1463,0.52
2242,2016_1437_1438,0.74
2243,2016_1437_1451,0.86
2244,2016_1437_1452,0.59
2245,2016_1437_1453,0.82
2246,2016_1437_1455,0.84
2247,2016_1437_1458,0.77
2248,2016_1437_1462,0.68
2249,2016_1437_1463,0.86
2250,2016_1438_1451,0.84
2251,2016_1438_1452,0.46
2252,2016_1438_1453,0.81
2253,2016_1438_1455,0.58
2254,2016_1438_1458,0.7
2255,2016_1438_1462,0.61
2256,2016_1438_1463,0.75
2257,2016_1451_1452,0.11
2258,2016_1451_1453,0.47
2259,2016_1451_1455,0.1
2260,2016_1451_1458,0.21
2261,2016_1451_1462,0.07
2262,2016_1451_1463,0.2
2263,2016_1452_1453,0.65
2264,2016_1452_1455,0.63
2265,2016_1452_1458,0.54
2266,2016_1452_1462,0.64
2267,2016_1452_1463,0.73
2268,2016_1453_1455,0.08
2269,2016_1453_1458,0.14
2270,2016_1453_1462,0.18
2271,2016_1453_1463,0.2
2272,2016_1455_1458,0.33
2273,2016_1455_1462,0.32
2274,2016_1455_1463,0.52
2275,2016_1458_1462,0.38
2276,2016_1458_1463,0.53
2277,2016_1462_1463,0.81
